Feature,Importance
Age Category,0.4264420344735233
NumOfProducts,0.20930997368612964
IsActiveMember,0.13145181165337674
Geography,0.07852071030273139
Balance,0.06930256615736949
EstimatedSalary,0.031436875108938625
Gender,0.031131175221697838
CreditScore Category,0.01163717552759546
Card Type,0.01076767786863746
